{"loss":0.1334648281,"auc":0.7342402935,"precision":0.1334648281,"recall":0.6424050927,"f1":0.2210125327}