{"loss":0.1680672318,"auc":0.7511350513,"precision":0.1680672318,"recall":0.6329113841,"f1":0.2656042576,"fdr":0.6329113924,"nrc":0.1507474031,"far":0.8319327682}