{"loss":0.954274714,"auc":0.853200376,"precision":0.288643539,"recall":0.5791139007,"f1":0.3852631535,"fdr":0.579113924,"nrc":0.0803141627,"far":0.711356461}