{"loss":0.7323943377,"auc":0.7430745959,"precision":0.7323943377,"recall":0.4936708808,"f1":0.5897920728}