{"loss":0.1517660767,"auc":0.9452477098,"precision":0.8264462948,"recall":0.733137846,"f1":0.7770007871,"fdr":0.7331378299,"nrc":0.0866141732,"far":0.1735537052}