{"loss":0.5615648627,"auc":0.8806028962,"precision":0.4867021143,"recall":0.5791139007,"f1":0.5289017115,"fdr":0.579113924,"nrc":0.0476311122,"far":0.5132978857}