{"loss":0.8279057741,"auc":0.85318923,"precision":0.2571428716,"recall":0.5981012583,"f1":0.3596574777,"fdr":0.5981012658,"nrc":0.0931086901,"far":0.7428571284}