{"loss":0.1664358824,"auc":0.9389508963,"precision":0.8059701324,"recall":0.7126099467,"f1":0.7564202075,"fdr":0.7126099707,"nrc":0.0863278454,"far":0.1940298676}