{"loss":0.1774893254,"auc":0.9322602749,"precision":0.7819148898,"recall":0.6466275454,"f1":0.7078651497,"fdr":0.646627566,"nrc":0.0807444524,"far":0.2180851102}